,Order,Binomial,BM_g,source_BM,testes_g,source_testes,rel_testes_size,LG_Cap15,GT_Cap15,WA_Cap15,NBM_Cap15,LS_Cap15,LS_Souls,source_lifehistory,LY_Cap15,AFB_Cap15,RL_Cap15,OV_Cap15,mating_system,Mating_system,source_MS,paternal_care,source_paternal_care,parental_care_Sin20,paternalcare_LH15,paternal.care.binary,paternal.care.continuous,paternal.care.only.binary,paternal.care.only.continuous,combined.care.binary,combined.care.continuous,Ref..allomaternal.care.behaviours,source,Length.of.mating.season..months.,Multiple.paternity....,EGP....,Alpha.Paternity....,Ovulation.mode,References
1,Rodentia,Abeomelomys_sevia,52,BT,0.854,BT,NA,NA,NA,NA,NA,1,NA,,NA,NA,NA,NA,NA,NA,,,,,NA,NA,NA,NA,NA,NA,NA,NA,NA,NA,NA,NA,NA,NA,NA
2,Rodentia,Acomys_cahirinus,27,BT,0.224,BT,NA,5.9,38.54,14,5.49,2.43,NA,,7.6,103,2050.5,0.023421758,promiscuous,NA,Sin20,no,LH19; Held19,,No,0,0,0,0,0,0,"Nowak 1999, West & Capellini 2016",Held19,NA,NA,NA,NA,NA,NA
3,Artiodactyla,Aepyceros_melampus,62500,GF03,120,GF03,NA,25.6,196.74,150,5238.4,0.98,NA,,0.95,730,8614,0.044603033,NA,NA,,no,LH19; Held19,,No,0,0.5,0,0,0,0,"Hart & Hart 1992, West & Capellini 2016",Held19,NA,NA,NA,NA,NA,NA
4,Rodentia,Aethomys_chrysophilus,85,BT,0.862,BT,NA,0.75,26.17,24.88,4.43,3.09,NA,Myrhvold et al 2015,NA,138,NA,NA,NA,NA,,,,,NA,NA,NA,NA,NA,NA,NA,NA,NA,NA,NA,NA,NA,NA,NA
5,Rodentia,Aethomys_hindei,143,BT,2.768,BT,NA,1.75,24.66,26.24,5.27,2.05,NA,Myrhvold et al 2015,NA,NA,NA,NA,NA,NA,,,,,NA,NA,NA,NA,NA,NA,NA,NA,NA,NA,NA,NA,NA,NA,NA
6,Rodentia,Aethomys_ineptus,140,BT,0.72,BT,NA,0.75,25.72,27.35,4.44,2.7,NA,Chimimba & Linzey 2008; Myrhvold et al 2015,2,NA,NA,NA,NA,NA,,,,,NA,NA,NA,NA,NA,NA,NA,NA,NA,NA,NA,NA,NA,NA,NA
7,Artiodactyla,Alcelaphus_buselaphus,132000,GF03,107,GF03,NA,22.5,242.66,188.73,12500,1,NA,,NA,927.7,7284.8,NA,NA,NA,,no,Held19,,NA,0,0,0,0,0,0,"Nowak 1999, West & Capellini 2016",Held19,NA,NA,NA,NA,NA,NA
8,Artiodactyla,Alces_alces,789000,GF03,106,GF03,NA,27,235,98.85,12999.99,1.25,NA,,1.7,1216.66,8638.34,0.024854993,single male,,Ballenberghe & Miquelle 1993,no,LH19; Held19,,No,0,0,0,0,0,0,"Waser & Jones 1983, West & Capellini 2016",Held19,NA,NA,NA,NA,NA,NA
9,Rodentia,Ammospermophilus_leucurus,111.1,squirrel,NA,NA,2.24,11.2,29.38,64.51,2.9,8,NA,,1.25,365,3723,0.08,promiscuous,non-defence polygyny,Sin20,no,Held19,,NA,0,0,0,0,0,0,"Belk & Smith 1991, West & Capellini 2016",Held19,NA,NA,NA,NA,NA,NA
10,Rodentia,Anisomys_imitator,508,BT,4.167,BT,NA,NA,NA,NA,NA,NA,NA,,NA,NA,NA,NA,NA,NA,,,,,NA,NA,NA,NA,NA,NA,NA,NA,NA,NA,NA,NA,NA,NA,NA
11,NA,Antrozous_pallidus,23,GF03,0.1812,GF03,NA,14.8,59.01,61.1,3.09,1.78,NA,,NA,NA,NA,NA,NA,NA,,no,LH19,,No,NA,NA,NA,NA,NA,NA,NA,NA,NA,NA,NA,NA,NA,NA
12,NA,Apodemus_agrarius,35,BT,1.232,BT,NA,4,19.89,26.76666667,1.8,5.64,6.51,,3.5,76.04166667,1383.958333,0.075353218,promiscuous,NA,Sin20,,,,NA,NA,NA,NA,NA,NA,NA,NA,NA,Long,80,NA,NA,SPO,"[7, 10, 11]"
13,NA,Apodemus_agrarius,21.8,GF03; Souls,0.994,GF03; Souls,NA,4,19.89,26.76666667,1.8,5.64,6.51,,3.5,76.04166667,1383.958333,0.075353218,promiscuous,NA,Sin20,,,,NA,NA,NA,NA,NA,NA,NA,NA,NA,Long,80,NA,NA,SPO,"[7, 10, 11]"
14,NA,Apodemus_argenteus,21,BT,0.651,BT,NA,5,NA,NA,NA,4.12,NA,,NA,60.83333333,1764.166667,NA,promiscuous/monogamous,NA,Sin20,,,,NA,NA,NA,NA,NA,NA,NA,NA,NA,NA,NA,NA,NA,NA,NA
15,NA,Apodemus_flavicollis,29.1,BT; GF03; Souls,0.891,BT; GF03; Souls,NA,4.5,24.5,22.20416667,2.3,4.94,5,,3,50.79583333,1591.704167,0.07643799,promiscuous,NA,Sin20,,,,NA,NA,NA,NA,NA,NA,NA,NA,NA,Long,30,NA,NA,SPO,"[7, 10, 13]"
16,NA,Apodemus_semotus,28,BT,1.378,BT,NA,NA,NA,NA,NA,3.56,NA,,NA,NA,NA,NA,NA,NA,,,,,NA,NA,NA,NA,NA,NA,NA,NA,NA,NA,NA,NA,NA,NA,NA
17,NA,Apodemus_speciosus,46,BT,1.233,BT,NA,5.3,NA,NA,NA,4.47,NA,,NA,NA,NA,NA,promiscuous,NA,Sin20,,,,NA,NA,NA,NA,NA,NA,NA,NA,NA,NA,NA,NA,NA,NA,NA
18,NA,Apodemus_sylvaticus,23.1,BT; GF03; Souls,0.788,BT; GF03; Souls,NA,6.3,23.68,19.36,1.5,5.16,4.1,,3.75,85,2214.5,0.043952736,MM; promiscuous,NA,Souls; Sin20,no,LH19,,No,NA,NA,NA,NA,NA,NA,NA,NA,Long,50,NA,NA,SPO,"[7, 10, 11]"
19,NA,Apodemus_uralensis,19.2,Souls,0.326,Souls,NA,NA,NA,NA,NA,5.72,5,,NA,NA,NA,NA,MM; promiscuous,NA,Souls; Sin20,,,,NA,NA,NA,NA,NA,NA,NA,NA,NA,Long,43.5,NA,NA,SPO,"[7, 10, 12]"
20,Rodentia,Atlantoxerus_getulus,221.1,Marel,6.46,Anjos,3.03,5,43.5,66,8.1,2.9,NA,,1,344.8,1480.2,NA,promiscuous,promiscuous,"van der Marel, pers. comm.",no,"van der Marel, pers. comm.",,NA,NA,NA,NA,NA,NA,NA,NA,NA,short,NA,NA,NA,,
21,Rodentia,Bandicota_bengalensis,289,BT,2.121,BT,NA,NA,18.89,30.03,4.85,7.29,NA,,5.9,91.25,NA,NA,NA,NA,,,,,NA,NA,NA,NA,NA,NA,NA,NA,NA,NA,NA,NA,NA,NA,NA
22,Rodentia,Bandicota_indica,613,BT,2.035,BT,NA,4.2,20.26,27.3,9.77,6.12,NA,Myrhvold et al. 2015,5.1228,272.5,NA,NA,NA,NA,,,,,NA,NA,NA,NA,NA,NA,NA,NA,NA,NA,NA,NA,NA,NA,NA
23,Rodentia,Bandicota_savilei,274,BT,1.263,BT,NA,NA,NA,NA,NA,NA,NA,,NA,NA,NA,NA,NA,NA,,,,,NA,NA,NA,NA,NA,NA,NA,NA,NA,NA,NA,NA,NA,NA,NA
24,Rodentia,Batomys_salomonseni,194,BT,1.556,BT,NA,NA,NA,NA,NA,NA,NA,,NA,NA,NA,NA,NA,NA,,,,,NA,NA,NA,NA,NA,NA,NA,NA,NA,NA,NA,NA,NA,NA,NA
25,Rodentia,Berylmys_bowersi,431,BT,14.431,BT,NA,2.9,NA,NA,NA,3.88,NA,,NA,NA,NA,NA,NA,NA,,,,,NA,NA,NA,NA,NA,NA,NA,NA,NA,NA,NA,NA,NA,NA,NA
26,Artiodactyla,Bos_taurus,630400,GF03,681,GF03,NA,20,280.48,NA,28366.67,1,NA,,1,NA,NA,NA,NA,NA,,no,Held19,,NA,0,0,0,0,0,0,West and Capellini 2016,Held19,NA,NA,NA,NA,NA,NA
27,Rodentia,Bullimus_bagobus,380,BT,4.08,BT,NA,NA,NA,NA,NA,NA,NA,,NA,NA,NA,NA,NA,NA,,,,,NA,NA,NA,NA,NA,NA,NA,NA,NA,NA,NA,NA,NA,NA,NA
28,Rodentia,Bunomys_chrysocomus,117,BT,3.523,BT,NA,NA,NA,NA,NA,NA,NA,,NA,NA,NA,NA,NA,NA,,,,,NA,NA,NA,NA,NA,NA,NA,NA,NA,NA,NA,NA,NA,NA,NA
29,Rodentia,Bunomys_fratrorum,137,BT,0.407,BT,NA,NA,NA,NA,NA,NA,NA,,NA,NA,NA,NA,NA,NA,,,,,NA,NA,NA,NA,NA,NA,NA,NA,NA,NA,NA,NA,NA,NA,NA
30,Primates,Callithrix_jacchus,320,GF03,1.3,GF03,NA,22.8,144,60.24,27.74,2.31,NA,,2,555.1,7766.9,0.023497148,monogamy,,Lupold2014,yes,LH19; Held19,,Yes,1,2.05,0,0,1,4.2,"Box 1975, 1977, 1978, Ingram 1977, 1978, Tardif et al. 1986, Fernandez-Duque et al. 2012, Yamamoto 2005, West & Capellini 2016, Animal Diversity Web",Held19,NA,NA,NA,NA,NA,NA
31,Carnivora,Callorhinus_ursinus,29000,GF03,63.6,GF03,NA,30,358.49,108.69,5354.8,1.04,NA,,0.5,1488.35952,9461.64048,0.07715364,single male,,Kiyota et al. 2008,no,LH19; Held19,,No,0,0,0,0,0,0,"Gentry 1998, Dalerum 2007, West & Capellini 2016",Held19,NA,NA,NA,NA,NA,NA
32,Carnivora,Canis_latrans,10600,Souls,15.4,Souls,NA,21.8,61.74,43.71,200.01,5.72,5,,1,365,7592,0.048076923,SM,NA,Souls,yes,LH19; Held19,,Yes,1,3,0,0,1,6,"Kleiman & Malcolm 1981, West & Capellini 2016, Animal Diversity Web",Held19,Short,0,0,NA,SPO,"[2, 18]"
33,Artiodactyla,Capreolus_capreolus,20500,Souls,45,Souls,NA,17.5,196,79.75,1208.55,1.79,NA,,1,730,5657.5,0.064516129,SP,NA,Souls,no,LH19; Held19,,No,0,0,0,0,0,0,"Nowak 1999, West & Capellini 2016",Held19,Short,15.5,NA,NA,SPO,"[161, 162]"
34,Rodentia,Cavia_aperea,567,Souls,3.73,Souls,NA,6,61.7,20.86,58.38,2.14,3,,5,74.21666667,2115.783333,0.034502588,SP; polygynous,NA,Souls; Sin20,no,LH19; Held19; Sin20,bi,No,0,0,0,0,0,0,"Ebersperger & Blumstein 2006, Adrian & Sachser 2011",Held19,Long,26.7,NA,NA,SPO,"[7, 22-24]"
35,Rodentia,Cavia_porcellus,813,GF03,4.1,GF03,NA,14.8,66.99,16.68,79.91,3.45,NA,,5,68.4828,5333.5172,0.013687028,polygynous,NA,Sin20,no,LH19,,No,NA,NA,NA,NA,NA,NA,NA,NA,NA,NA,NA,NA,NA,NA
36,Primates,Cebus_apella,2600,GF03,9.1,GF03,NA,46,154.99,263.12,231.38,1.05,NA,,0.55,2058.6,14731.4,0.045049104,multiple males,,Lupold2014,yes,LH19; Held19,,No,1,1.1,0,0,1,1.85,"Fragaszy et al. 1991, Nowak 1991, West & Capellini 2016, Animal Diversity Web",Held19,NA,NA,NA,NA,NA,NA
37,Artiodactyla,Cervus_elaphus,122000,GF03,218,GF03; Souls,NA,31.5,235.61,104.64,8255.82,1.09,1,,0.91,993.71,10503.79,0.038186112,SP,NA,Souls,no,LH19; Held19,,No,0,0,0,0,0,0,"Nowak 1999, West & Capellini 2016, Animal Diversity Web",Held19,Short,NA,37.8,62.2,SPO,"[26, 27]"
38,Artiodactyla,Cervus_elaphus,121800,Souls,218,GF03; Souls,NA,31.5,235.61,104.64,8255.82,1.09,1,,0.91,993.71,10503.79,0.038186112,SP,NA,Souls,no,LH19; Held19,,No,0,0,0,0,0,0,"Nowak 1999, West & Capellini 2016, Animal Diversity Web",Held19,Short,NA,37.8,62.2,SPO,"[26, 27]"
39,NA,Chalinolobus_gouldii,14,GF03; Cap15,0.0145,GF03,NA,NA,92.54,NA,NA,1.41,NA,,1,NA,NA,NA,NA,NA,,no,LH19,,No,NA,NA,NA,NA,NA,NA,NA,NA,NA,NA,NA,NA,NA,NA
40,Rodentia,Chinchilla_lanigera,422,GF03,5.2,GF03,NA,17.2,112.47,54.177504,39.59,1.87,NA,,2,196.31736,6081.68264,0.030008143,NA,NA,,no,Held19,,NA,0,0.5,0,0,0,0,"Komers & Brotherton 1997, West & Capellini 2016",Held19,NA,NA,NA,NA,NA,NA
41,NA,Chiropodomys_gliroides,22,BT,0.38,BT,NA,3.6,20.13,16.87,2.79,1.65,NA,,NA,101.2875,1212.7125,NA,NA,NA,,,,,NA,NA,NA,NA,NA,NA,NA,NA,NA,NA,NA,NA,NA,NA,NA
42,NA,Chiruromys_vates,48,BT,1.744,BT,NA,NA,NA,NA,NA,1.07,NA,,NA,NA,NA,NA,NA,NA,,,,,NA,NA,NA,NA,NA,NA,NA,NA,NA,NA,NA,NA,NA,NA,NA
43,Primates,Chlorocebus_aethiops,4950,GF03,13,GF03,NA,31.6,171.054816,217.76,356.65,1,NA,,1,1733.75,9800.25,0.037243948,multiple males,,Lupold2018,no,LH19; Held19,,No,0,0.5,0,0,0,0,"Whitten 1984, Pruetz & Isbell 2000, West & Capellini 2016, Animal Diversity Web",Held19,NA,NA,NA,NA,NA,NA
44,NA,Conilurus_penicillatus,184,BT,4.388,BT,NA,5,35.99,24.4,NA,2,NA,,NA,NA,NA,NA,NA,NA,,,,,NA,NA,NA,NA,NA,NA,NA,NA,NA,NA,NA,NA,NA,NA,NA
45,Artiodactyla,Connochaetes_taurinus,227000,GF03,306,GF03,NA,24.3,251.49,256.32,18044.36,0.98,NA,,1,730,8139.5,0.044843049,NA,NA,,no,LH19; Held19,,No,0,0,0,0,0,0,"Nowak 1999, West & Capellini 2016",Held19,NA,NA,NA,NA,NA,NA
46,NA,Corynorhinus_rafinesquii,9,GF03; Cap15,0.377,GF03,NA,10.1,55.27,21,2.45,1,NA,,1,NA,NA,NA,NA,NA,,,,,NA,NA,NA,NA,NA,NA,NA,NA,NA,NA,NA,NA,NA,NA,NA
47,NA,Crocidura_russula,14.2,Souls,0.04,Souls,NA,4,29,23.82,0.8,4.04,2.31,,3.5,95.2,1364.8,0.076410986,SM,NA,Souls,no,LH19,,No,NA,NA,NA,NA,NA,NA,NA,NA,Long,0,0,100,IND,"[7, 32-34]"
48,Carnivora,Crocuta_crocuta,45000,Souls,9.85,Souls,NA,41.1,112.33,371.37,1460,1.91,1.651,,1,1003.75,13997.75,0.026075619,MM,NA,Souls,no,LH19; Held19,,No,0,0.5,0,0,0,0,"Kruuk 1972, Kingdon 1977, East et al. 1989, Henschel & Skinner 1991, Nowak 1999, Hofer & East 2003, West & Capellini 2016, Animal Diversity Web",Held19,Long,21.4,NA,NA,SPO,"[2, 35]"
49,NA,Cryptomys_hottentotus,104,Souls,0.58,Souls,NA,11,84.99,32.07,8.24,2.48,2.61,,2,449.5583333,3565.441667,0.051185804,SM,NA,Souls,,,,NA,NA,NA,NA,NA,NA,NA,NA,NA,Short,NA,21.9,79.4,IND,[37-39]
50,Rodentia,Ctenomys_talarum,136,Souls,0.3,Souls,NA,3,102.67,34.8,8,4.34,2.61,,1.5,245.4625,849.5375,0.286430362,SP; polygynous,NA,Souls; Sin20,no,Held19,,NA,0,0,0,0,0,0,"Lacey & Ebensperger 2007, West & Capellini 2016",Held19,Long,0,NA,NA,IND,[40-43]
51,Carnivora,Cynictis_penicillata,900,Souls,1.98,Souls,NA,15.2,56.83,41.76,NA,2.15,2.5,,2,730.4832,4817.5168,0.037882587,SP,NA,Souls,yes,LH19; Held19,,Yes,1,2,0,0,1,4,"Dalerum 2007, West & Capellini 2016",Held19,Long,28.6,NA,45.1,IND,"[2, 172] "
52,Rodentia,Cynomys_ludovicianus,803.4,squirrel,4,squirrel; Souls,0.023,11,33.46,45.57,15.24,4.43,2.91,,1,798.661632,3216.338368,0.113483085,SP; polygynous,defence polygyny,Souls; Sin20,no,LH19; Held19,,No,0,0.5,0,0,0,0,"King 1955, Hoogland 1981, 1995, 1996, West & Capellini 2016",Held19,Short,2.9,NA,NA,SPO,"[7, 23, 45-47] "
53,Rodentia,Cynomys_ludovicianus,1050,Souls,4,squirrel; Souls,0.023,11,33.46,45.57,15.24,4.43,2.91,,1,798.661632,3216.338368,0.113483085,SP; polygynous,defence polygyny,Souls; Sin20,no,LH19; Held19,,No,0,0.5,0,0,0,0,"King 1955, Hoogland 1981, 1995, 1996, West & Capellini 2016",Held19,Short,2.9,NA,NA,SPO,"[7, 23, 45-47] "
54,NA,Cynomys_parvidens,899.98,Cap15,26.5,squirrel,NA,NA,NA,NA,NA,4.89,NA,,1,365,NA,NA,SP; promiscuous,harem-polygyny,Souls; Sin20,no,LH19,,No,NA,NA,NA,NA,NA,NA,NA,NA,,71.4,NA,NA,,"[23, 44]"
55,Artiodactyla,Dama_dama,63700,GF03,133,GF03,NA,25,230,177.63,4698.44,1,NA,,1,1095,8030,0.045454545,NA,NA,,no,Held19,,NA,0,0,0,0,0,0,"Ekvall 1998, Nowak 1999, West & Capellini 2016",Held19,NA,NA,NA,NA,NA,NA
56,NA,Damaliscus_pygargus,72500,GF03,160,GF03,NA,23,240.54,121.66,6873.81,1.41,NA,,NA,1003.75,7391.25,NA,NA,NA,,,,,NA,NA,NA,NA,NA,NA,NA,NA,NA,NA,NA,NA,NA,NA,NA
57,NA,Dasymys_incomtus,242,BT,3.048,BT,NA,NA,NA,30,NA,2.67,NA,,NA,71.175,NA,NA,NA,NA,,,,,NA,NA,NA,NA,NA,NA,NA,NA,NA,NA,NA,NA,NA,NA,NA
58,Proboscidea,Elephas_maximus,4545000,GF03,4000,GF03,NA,78,634.49,218.26,97000,1.41,NA,,0.23,4745,23725,0.066889632,promiscuous,,Poole1989,no,Held19,,NA,0,0,0,0,0,0,"Shoshani & Eisenberg 1982, Gadgil & Nair 1984, Daniel 1998, West & Capellini 2016, Animal Diversity Web",Held19,NA,NA,NA,NA,NA,NA
59,Perissodactyla,Equus_caballus,450000,GF03,416,GF03,NA,62,338.97,341.76,37899.99,1,NA,,1,912.5,21717.5,0.016806723,single male,,Linklater1999,no,LH19; Held19,,No,0,0.5,0,0,0,0,"Nowak 1999, West & Capellini 2016",Held19,NA,NA,NA,NA,NA,NA
60,NA,Equus_grevyi,386000,GF03,1150,GF03,NA,31,406,271.7,39999.99,1,NA,,0.5,1642.5,9672.5,0.075471698,promiscuous,,Ginsberg and Rubenstein 1990,,,,NA,NA,NA,NA,NA,NA,NA,NA,NA,NA,NA,NA,NA,NA,NA
61,Eulipotyphla,Erinaceus_europaeus,665,GF03,2.31,GF03,NA,14,36.98,40,15.54,4.64,NA,,1.5,349.79,4760.21,0.051118193,NA,NA,,no,Held19,,NA,0,0,0,0,0,0,"Nowak 1991, West & Capellini 2016, Animal Diversity Web",Held19,NA,NA,NA,NA,NA,NA
62,Primates,Erythrocebus_patas,10000,GF03,7.2,GF03,NA,28.3,167.2,211.79,621.67,1.01,NA,,0.97,1079.79,9249.71,0.040681131,unimale,,Lupold2014,no,LH19; Held19,,No,0,0.5,0,0,0,0,"Muroyama 1994, Pruetz & Isbell 2000, Chism 2000, West & Capellini 2016",Held19,NA,NA,NA,NA,NA,NA
63,NA,Felis_catus,4770,Souls,3.61,Souls,NA,34,62.99,50,113,4,3.5,,1.5,NA,NA,NA,SP,NA,Souls,no,LH19,,No,NA,NA,NA,NA,NA,NA,NA,NA,Long,12.5,NA,NA,IND,"[2, 54] "
64,NA,Funambulus_palmarum,136.4,Cap15,2.26,squirrel,NA,NA,34,NA,NA,2.62,NA,,NA,NA,NA,NA,NA,,,,,,NA,NA,NA,NA,NA,NA,NA,NA,NA,NA,NA,NA,NA,NA,NA
65,NA,Funisciurus_congicus,112,Cap15,30.92,squirrel,NA,9.5,54.23,49.99,9.9,2.44,NA,,2,NA,NA,NA,NA,,,,,,NA,NA,NA,NA,NA,NA,NA,NA,NA,NA,NA,NA,NA,NA,NA
66,Artiodactyla,Giraffa_camelopardalis,1201000,GF03,1074,GF03,NA,39.5,455.25,212.91,55244.9,1.29,NA,,1,1825,12592.5,0.028985507,NA,NA,,no,LH19; Held19,,No,0,0,0,0,0,0,"Nowak 1999, West & Capellini 2016",Held19,NA,NA,NA,NA,NA,NA
67,Primates,Gorilla_gorilla,169000,GF03,29.6,GF03,NA,55.4,257,920.35,2095.89,1.05,NA,,0.26,3650,16571,0.084717045,unimale,,Lupold2014,yes,LH19; Held19,,No,1,0.55,1,0.55,0,0,"Komers & Brotherton 1997, West & Capellini 2016, Animal Diversity Web, Rosenbaum & Silk 2022",Held19,NA,NA,NA,NA,NA,NA
68,Rodentia,Grammomys_macmillani,40,BT; Cap15,0.662,BT,NA,NA,NA,NA,NA,NA,NA,,NA,NA,NA,NA,NA,NA,,,,,NA,NA,NA,NA,NA,NA,NA,NA,NA,NA,NA,NA,NA,NA,NA
69,Carnivora,Gulo_gulo,14500,Souls,17,Souls,NA,19.5,161.73,83.64,86.02,2.84,1.761,,0.5,813.95,6303.55,0.115807759,MM,NA,Souls,no,Held19,,NA,0,0,0,0,0,0,"Kleiman & Malcolm 1981, West & Capellini 2016, Animal Diversity Web",Held19,Short,12.5,NA,NA,IND,"[2, 59]"
70,Carnivora,Helogale_parvula,455,Souls,0.45,Souls,NA,18,54.08,21,NA,3.49,2.831,,2.25,410.625,6159.375,0.026337449,MM,NA,Souls,yes,LH19; Held19,,Yes,1,1.5,0,0,1,3.5,"Rood 1978, Kleiman & Malcolm 1981, Komers and Brotherton 1997, West & Capellini 2016, Animal Diversity Web",Held19,Long,19,0,75.6,IND,[61-63]
71,Artiodactyla,Hippopotamus_amphibius,1600000,GF03,650,GF03,NA,61.2,235.37,319.01,40199.99,1,NA,,1,1460,20878,0.017482517,NA,NA,,no,LH19; Held19,,No,0,0,0,0,0,0,"Wengstroem 2009, West & Capellini 2016",Held19,NA,NA,NA,NA,NA,NA
72,NA,Homo_sapiens,65650,GF03,40.5,GF03,NA,122.5,274.78,725.86,3182.96,1,NA,,NA,5292.5,39420,NA,monogamy,,Lupold2014,,,,NA,NA,NA,NA,NA,NA,NA,NA,NA,NA,NA,NA,NA,NA,NA
73,NA,Hydromys_chrysogaster,745,BT,11.765,BT,NA,7.3,36.6,30,25,3.51,NA,,2.5,158,2506.5,0.058248554,NA,NA,,,,,NA,NA,NA,NA,NA,NA,NA,NA,NA,NA,NA,NA,NA,NA,NA
74,Primates,Hylobates_lar,5500,GF03; Cap15,5.5,GF03,NA,56,212.91,725.86,398.86,1.01,NA,,0.45,3398.15,17041.85,0.04759525,monogamy,,Lupold2014,yes,LH19; Held19,,No,1,1.1,0,0,1,1.2,"Leighton 1987, Dallmann & Geismann 2001, Savini et al. 2009, West & Capellini 2016",Held19,NA,NA,NA,NA,NA,NA
75,NA,Hyomys_goliath,1000,BT,3.751,BT,NA,NA,NA,NA,NA,1,NA,,NA,NA,NA,NA,NA,NA,,,,,NA,NA,NA,NA,NA,NA,NA,NA,NA,NA,NA,NA,NA,NA,NA
76,NA,Leggadina_forresti,30,BT,0.545,BT,NA,NA,NA,30,NA,3.5,NA,,NA,91.25,NA,NA,NA,NA,,,,,NA,NA,NA,NA,NA,NA,NA,NA,NA,NA,NA,NA,NA,NA,NA
77,NA,Leopoldamys_sabanus,373,BT,9.035,BT,NA,2,NA,NA,NA,3.33,NA,,NA,NA,NA,NA,NA,NA,,,,,NA,NA,NA,NA,NA,NA,NA,NA,NA,NA,NA,NA,NA,NA,NA
78,NA,Leporillus_conditor,187,BT,4,BT,NA,5.3,43.49,40.87,NA,2.95,NA,,NA,227.362896,1707.137104,NA,NA,NA,,,,,NA,NA,NA,NA,NA,NA,NA,NA,NA,NA,NA,NA,NA,NA,NA
79,NA,Leptomys_elegans,69,BT,1.24,BT,NA,NA,NA,NA,NA,1.88,NA,,NA,NA,NA,NA,NA,NA,,,,,NA,NA,NA,NA,NA,NA,NA,NA,NA,NA,NA,NA,NA,NA,NA
80,Lagomorpha,Lepus_americanus,1300,Souls,11.8,Souls,NA,8,36.57,22.98,67.84,3.54,3.81,,2.5,365,2555,0.057142857,MM,NA,Souls,no,LH19; Held19,,No,0,0,0,0,0,0,"Kurta 1995, Quenette et al. 1997, West & Capellini 2016",Held19,Short,25,NA,NA,IND,"[7, 67, 68]"
81,NA,Lophuromys_flavopunctatus,60,BT; Cap15,1.138,BT,NA,NA,30.7,42.72,6.5,2.3,NA,,NA,60.83333333,NA,NA,NA,NA,,,,,NA,NA,NA,NA,NA,NA,NA,NA,NA,NA,NA,NA,NA,NA,NA
82,NA,Lorentzimys_nouhuysi,16,BT; Cap15,0.357,BT,NA,NA,NA,NA,NA,2.75,NA,,NA,NA,NA,NA,NA,NA,,,,,NA,NA,NA,NA,NA,NA,NA,NA,NA,NA,NA,NA,NA,NA,NA
83,Proboscidea,Loxodonta_africana,4365000,GF03,4530,GF03,NA,80,660,1088.8,105000,0.84,NA,,0.21,3467.5,25732.5,0.067544748,NA,NA,,no,LH19; Held19,,No,0,0,0,0,0,0,"Laursen & Bekoff 1978, Lee 1987, West & Capellini 2016, Animal Diversity Web",Held19,NA,NA,NA,NA,NA,NA
84,Primates,Macaca_arctoides,10510,GF03,48.15,GF03,NA,30,176.6,377.66,488.99,1.01,NA,,0.61,1551.25,9398.75,0.063663855,NA,NA,,no,LH19; Held19,,No,0,0.5,0,0,0,0,"Estrada & Estrada 1984, Bauers & Hearn 1994, West & Capellini 2016",Held19,NA,NA,NA,NA,NA,NA
85,Primates,Macaca_fascicularis,4420,GF03,35.2,GF03; Souls,NA,39,164.69,283.53,328.76,1,1,,1,1410.72,12824.28,0.028461637,MM,NA,Souls,no,LH19; Held19,,No,0,0.5,0,0,0,0,"Nowak 1999, West & Capellini 2016, Animal Diversity Web",Held19,Short,NA,0,67,SPO,"[6, 7, 71, 72] "
86,Primates,Macaca_fascicularis,4400,Souls,35.2,GF03; Souls,NA,39,164.69,283.53,328.76,1,1,,1,1410.72,12824.28,0.028461637,MM,NA,Souls,no,LH19; Held19,,No,0,0.5,0,0,0,0,"Nowak 1999, West & Capellini 2016, Animal Diversity Web",Held19,Short,NA,0,67,SPO,"[6, 7, 71, 72] "
87,Primates,Macaca_fuscata,12300,Souls,70,Souls,NA,38.5,172.99,265.04,501.57,1.02,1,,1,1879.75,12172.75,0.029985007,MM,NA,Souls,no,LH19; Held19,,No,0,0.5,0,0,0,0,"Sarah Turner, pers. comm., Kohda 1985, Ross & MacLarnon 2000, Hrdy 2008, Animal Diversity Web",Held19,Short,NA,33,33,SPO,"[6, 7, 73, 164] "
88,Primates,Macaca_mulatta,9200,GF03,46.2,GF03,NA,40,166.07,304.16,471.47,1.01,NA,,1,1460,13140,0.027777778,multiple males,,Lupold2014,yes,LH19; Held19,,No,1,0.51,0,0,1,1.032,"Komers & Brotherton 1997, West & Capellini 2016, Animal Diversity Web",Held19,NA,NA,NA,NA,NA,NA
89,Primates,Macaca_nemestrina,9980,GF03,66.7,GF03,NA,37.6,171,292.6,472.92,1.01,NA,,0.85,1430.8,12293.2,0.034930837,multiple males,,Lupold2014,no,LH19; Held19,,No,0,0.5,0,0,0,0,"Rosenblum & Kaufman 1967, Kleiman & Malcolm 1981, Komers & Brotherton 1997, Nowak 1999, Muller & Thompson 2012, West & Capellini 2016",Held19,NA,NA,NA,NA,NA,NA
90,NA,Mallomys_rothschildi,1087,BT,14.35,BT,NA,NA,NA,NA,NA,1.02,NA,,NA,NA,NA,NA,NA,NA,,,,,NA,NA,NA,NA,NA,NA,NA,NA,NA,NA,NA,NA,NA,NA,NA
91,NA,Mammelomys_lanosus,123,BT,3.004,BT,NA,NA,NA,20,NA,2.68,NA,,NA,NA,NA,NA,NA,NA,,,,,NA,NA,NA,NA,NA,NA,NA,NA,NA,NA,NA,NA,NA,NA,NA
92,Rodentia,Marmota_monax,2350,squirrel,7.4,squirrel,0.52,14,31.5,43.83,27.19,4.1,NA,,1,542.079408,4567.920592,0.079905067,monogamy,promiscuous,Sin20,no,LH19; Held19; Sin20,bi,No,0,0,0,0,0,0,"Kwiecinski 1998, Allaine 2000, West & Capellini 2016, Animal Diversity Web",Held19,NA,NA,NA,NA,NA,NA
93,Rodentia,Marmota_monax,2350,squirrel,7.4,squirrel,0.52,14,31.5,43.83,27.19,4.1,NA,,1,542.079408,4567.920592,0.079905067,polygynous,promiscuous,,no,LH19; Held19,NA,No,0,0,0,0,0,0,"Kwiecinski 1998, Allaine 2000, West & Capellini 2016, Animal Diversity Web",Held19,NA,NA,NA,NA,NA,NA
94,NA,Mastacomys_fuscus,117,BT,3.725,BT,NA,NA,35.46,43.54,7.25,1.41,NA,,NA,NA,NA,NA,NA,NA,,,,,NA,NA,NA,NA,NA,NA,NA,NA,NA,NA,NA,NA,NA,NA,NA
95,NA,Mastomys_coucha,70,BT,0.741,BT,NA,NA,NA,NA,2.12,7.96,NA,,NA,NA,NA,NA,NA,NA,,,,,NA,NA,NA,NA,NA,NA,NA,NA,NA,NA,NA,NA,NA,NA,NA
96,NA,Mastomys_natalensis,59,BT; Souls,0.972,BT; Souls,NA,NA,23.64,20,1.98,9.23,9.91,,2,88.1,NA,NA,MM,NA,Souls,,,,NA,NA,NA,NA,NA,NA,NA,NA,NA,Short,67,NA,NA,SPO,[ 78-80]
97,Rodentia,Maxomys_bartelsii,93,BT,4.205,BT,NA,NA,NA,NA,NA,NA,NA,,NA,NA,NA,NA,NA,NA,,,,,NA,NA,NA,NA,NA,NA,NA,NA,NA,NA,NA,NA,NA,NA,NA
98,Rodentia,Maxomys_surifer,155,BT,3.328,BT,NA,NA,NA,NA,NA,3.54,NA,,NA,NA,NA,NA,NA,NA,,,,,NA,NA,NA,NA,NA,NA,NA,NA,NA,NA,NA,NA,NA,NA,NA
99,Rodentia,Maxomys_whiteheadi,64,BT,0.952,BT,NA,1.5,NA,NA,NA,3,NA,Myrhvold et al 2015,NA,NA,NA,NA,NA,NA,,,,,NA,NA,NA,NA,NA,NA,NA,NA,NA,NA,NA,NA,NA,NA,NA
100,NA,Megaptera_novaeangliae,32658500,GF03,1729,GF03,NA,95,349.79,318.46,1299999.99,1,NA,,0.37,1955.183333,32719.81667,0.030149511,NA,NA,,,,,NA,NA,NA,NA,NA,NA,NA,NA,NA,NA,NA,NA,NA,NA,NA
101,Carnivora,Meles_meles,14515,GF03; Souls,14.4,GF03; Souls,NA,18.6,48.6,91.3,90.24,3.11,1.41,,0.75,403.2876,6385.7124,0.076211805,MM,NA,Souls,no,LH19; Held19,,No,0,0.5,0,0,0,0,"Kleiman & Malcolm 1981, Cresswell et al. 1992, Komers and Brotherton 1997, Yamaguchi et al. 2006, Delahay et al. 2008, West & Capellini 2016",Held19,Short,44.8,NA,NA,IND,"[2, 81]"
102,NA,Melomys_burtoni,78,BT,1.91,BT,NA,NA,NA,22.8125,NA,2.5,NA,,NA,NA,NA,NA,NA,NA,,,,,NA,NA,NA,NA,NA,NA,NA,NA,NA,NA,NA,NA,NA,NA,NA
103,NA,Melomys_cervinipes,139,BT,2.782,BT,NA,NA,35.83,38.47,NA,2.2,NA,,1.3,195.275,NA,NA,NA,NA,,,,,NA,NA,NA,NA,NA,NA,NA,NA,NA,NA,NA,NA,NA,NA,NA
104,NA,Melomys_leucogaster,104,BT; Cap15,1.102,BT,NA,NA,NA,20,NA,2.15,NA,,NA,NA,NA,NA,NA,NA,,,,,NA,NA,NA,NA,NA,NA,NA,NA,NA,NA,NA,NA,NA,NA,NA
105,NA,Melomys_rufescens,68,BT,1.342,BT,NA,NA,NA,20,NA,2.17,NA,,NA,NA,NA,NA,NA,NA,,,,,NA,NA,NA,NA,NA,NA,NA,NA,NA,NA,NA,NA,NA,NA,NA
106,NA,Mesembriomys_gouldii,545,BT,5.498,BT,NA,7.8,44.03,48.99,34.7,1.87,NA,,4,70.56666667,2776.433333,0.032865907,NA,NA,,,,,NA,NA,NA,NA,NA,NA,NA,NA,NA,NA,NA,NA,NA,NA,NA
107,NA,Mesembriomys_macrurus,341,BT,8.28,BT,NA,7.1,47.75416667,49.57916667,NA,2,NA,,NA,NA,NA,NA,NA,NA,,,,,NA,NA,NA,NA,NA,NA,NA,NA,NA,NA,NA,NA,NA,NA,NA
108,NA,Mesocricetus_auratus,108,GF03,3.17,GF03,NA,3,15.49,18.65,2.35,8.79,NA,,4,73.6,1021.4,0.089338163,NA,NA,,no,LH19,,No,NA,NA,NA,NA,NA,NA,NA,NA,NA,NA,NA,NA,NA,NA
109,Primates,Microcebus_murinus,71.66,Souls,1.83,Souls,NA,18.2,60.34,40.45,4.78,2,21,,1,380.2,6262.8,0.058280641,MM,NA,Souls,no,LH19; Held19,,No,0,0.5,0,0,0,0,"Radespiel 2000, Eberle and Kappeler 2006, West & Capellini 2016",Held19,Short,65.4,NA,NA,SPO,[83-86]
110,Rodentia,Micromys_minutus,10,BT,0.15,BT,NA,5,21,15,0.77,4.92,NA,,2.5,52,1773,0.082346306,NA,NA,,no,Held19,,NA,0,0,0,0,0,0,Isler and van Schaik 2012,Held19,NA,NA,NA,NA,NA,NA
111,Rodentia,Micromys_minutus,7.8,GF03,0.178,GF03,NA,5,21,15,0.77,4.92,NA,,2.5,52,1773,0.082346306,NA,NA,,no,Held19,,NA,0,0,0,0,0,0,Isler and van Schaik 2012,Held19,NA,NA,NA,NA,NA,NA
112,Rodentia,Microtus_agrestis,46.4,GF03,0.804,GF03,NA,4.8,20.72,13.9,2.09,4.65,NA,,3.5,52.5,1699.5,0.061362586,NA,NA,,no,LH19,,No,NA,NA,NA,NA,NA,NA,NA,NA,NA,NA,NA,NA,NA,NA
113,Rodentia,Microtus_oeconomus,35,Souls,0.42,Souls,NA,1.8,21.51,20,2.34,5.62,5.281,,3.5,42,615,0.169570267,MM; promiscuous; ploygynous,NA,Souls; Sin20,,,NA,NA,NA,NA,NA,NA,NA,NA,NA,NA,Short,38.1,NA,NA,IND,"[7, 10, 173]"
114,Rodentia,Microtus_pennsylvanicus,54.6,Souls,1.17,Souls,NA,1.333333333,21.24,12.92,2.4,5.16,5.96,,2.7,45,441.6666667,0.306079665,MM; promiscuous,NA,Souls; Sin20,no,LH19; Held19; Sin20,uni,No,0,0.5,0,0,0,0,"Hartung & Dewsbury 1979, Wilson 1982, Gruder-Adams & Getz 1985, Wang & Insel 1996, Solomon & Getz 1997, Lonstein & De Vries 2000, West & Capellini 2016, Animal Diversity Web",Held19,Long,33.1,NA,NA,IND,"[7, 23, 90-92]"
115,Rodentia,Millardia_meltada,72,BT,1.078,BT,NA,NA,20,NA,NA,5.72,NA,,6.89,114.06,NA,NA,NA,NA,,,,,NA,NA,NA,NA,NA,NA,NA,NA,NA,NA,NA,NA,NA,NA,NA
116,Rodentia,Mus_caroli,15,BT; Cap15,0.108,BT,NA,4,18.1,21.9,1.2,5.805,NA,Myhrvold et al 2015,4.57,1.25,NA,NA,NA,NA,,,,,NA,NA,NA,NA,NA,NA,NA,NA,NA,NA,NA,NA,NA,NA,NA
117,Rodentia,Mus_minutoides,8,BT,0.068,BT,NA,4.3,20.71,20.19,1.01,4.18,NA,,4,62,1507.5,0.06053068,monogamous,NA,Sin20,,,NA,NA,NA,NA,NA,NA,NA,NA,NA,NA,NA,NA,NA,NA,NA,NA
118,Rodentia,Mus_musculus,15,BT; GF03; Souls,0.119,BT; GF03; Souls,NA,6,19.6,21.5,1.06,5.54,5.61,,4.5,139.5,2050.5,0.039556748,MM; promiscuous,NA,Souls; Sin20,no,LH19; Held19; Sin20,uni,No,0,0.5,0,0,0,0,"Manning et al. 1995, Patris & Baudoin 2000, Stockely & Hobson 2016, West & Capellini 2016",Held19,Long,23.1,NA,NA,SPO,"[7,10, 95, 96] "
119,Rodentia,Mus_musculus,22,Souls,0.159,Souls,NA,6,19.6,21.5,1.06,5.54,5.61,,4.5,139.5,2050.5,0.039556748,MM; promiscuous,NA,Souls; Sin20,no,LH19; Held19; Sin20,uni,No,0,0.5,0,0,0,0,"Manning et al. 1995, Patris & Baudoin 2000, Stockely & Hobson 2016, West & Capellini 2016",Held19,Long,23.1,NA,NA,SPO,"[7,10, 95, 96] "
120,Rodentia,Mus_musculus,21,Souls,0.144,Souls,NA,6,19.6,21.5,1.06,5.54,5.61,,4.5,139.5,2050.5,0.039556748,MM; promiscuous,NA,Souls; Sin20,no,LH19; Held19; Sin20,uni,No,0,0.5,0,0,0,0,"Manning et al. 1995, Patris & Baudoin 2000, Stockely & Hobson 2016, West & Capellini 2016",Held19,Long,23.1,NA,NA,SPO,"[7,10, 95, 96] "
121,Rodentia,Mus_musculus,19.4,Souls,0.126,Souls,NA,6,19.6,21.5,1.06,5.54,5.61,,4.5,139.5,2050.5,0.039556748,MM; promiscuous,NA,Souls; Sin20,no,LH19; Held19; Sin20,uni,No,0,0.5,0,0,0,0,"Manning et al. 1995, Patris & Baudoin 2000, Stockely & Hobson 2016, West & Capellini 2016",Held19,Long,23.1,NA,NA,SPO,"[7,10, 95, 96] "
122,Rodentia,Mus_musculus,15.9,Souls,0.116,Souls,NA,6,19.6,21.5,1.06,5.54,5.61,,4.5,139.5,2050.5,0.039556748,MM; promiscuous,NA,Souls; Sin20,no,LH19; Held19; Sin20,uni,No,0,0.5,0,0,0,0,"Manning et al. 1995, Patris & Baudoin 2000, Stockely & Hobson 2016, West & Capellini 2016",Held19,Long,23.1,NA,NA,SPO,"[7,10, 95, 96] "
123,Rodentia,Mus_musculus,18.2,Souls,0.112,Souls,NA,6,19.6,21.5,1.06,5.54,5.61,,4.5,139.5,2050.5,0.039556748,MM; promiscuous,NA,Souls; Sin20,no,LH19; Held19; Sin20,uni,No,0,0.5,0,0,0,0,"Manning et al. 1995, Patris & Baudoin 2000, Stockely & Hobson 2016, West & Capellini 2016",Held19,Long,23.1,NA,NA,SPO,"[7,10, 95, 96] "
124,Rodentia,Mus_musculus,16,Souls,0.123,Souls,NA,6,19.6,21.5,1.06,5.54,5.61,,4.5,139.5,2050.5,0.039556748,MM; promiscuous,NA,Souls; Sin20,no,LH19; Held19; Sin20,uni,No,0,0.5,0,0,0,0,"Manning et al. 1995, Patris & Baudoin 2000, Stockely & Hobson 2016, West & Capellini 2016",Held19,Long,23.1,NA,NA,SPO,"[7,10, 95, 96] "
125,Rodentia,Mus_musculus,15,Souls,0.122,Souls,NA,6,19.6,21.5,1.06,5.54,5.61,,4.5,139.5,2050.5,0.039556748,MM; promiscuous,NA,Souls; Sin20,no,LH19; Held19; Sin20,uni,No,0,0.5,0,0,0,0,"Manning et al. 1995, Patris & Baudoin 2000, Stockely & Hobson 2016, West & Capellini 2016",Held19,Long,23.1,NA,NA,SPO,"[7,10, 95, 96] "
126,Carnivora,Mustela_erminea,324,Souls,2.64,Souls,NA,12.5,66.35,60.93,2.25,6.74,6.31,,1,94.962816,4467.537184,0.081700495,SP,NA,Souls,no,LH19; Held19,,No,0,0,0,0,0,0,"Kleiman & Malcolm 1981, West & Capellini 2016, Animal Diversity Web",Held19,Short,16.7,NA,NA,IND,"[2, 98] "
127,Rodentia,Myodes_glareolus,20.73,Cap15,0.646,GF03,NA,4.917,19.74,19.73,1.83,4.31,NA,,3.5,83.22,1711.485,0.060932882,NA,NA,,no,LH19; Held19,,No,0,0,0,0,0,0,"Nowak 1999, MacDonald 2001, Animal Diversity web",Held19,NA,NA,NA,NA,NA,NA
128,Rodentia,Myodes_rufocanus,39,Souls,0.161,Souls,NA,NA,NA,NA,2.25,5.01,7.31,,3,110,NA,NA,MM,NA,Souls,no,Held19,,NA,0,0,0,0,0,0,"Ishibashi & Saitoh 2008, Animal Diversity web",Held19,Short,23.2,NA,NA,IND,"[7, 100-103]"
129,NA,Myotis_lucifugus,6.8,GF03,0.0541,GF03,NA,34,59.79,26,2.18,1,NA,,1,730,11680,0.03125,multimale,,McCracken2000,,,,NA,NA,NA,NA,NA,NA,NA,NA,NA,NA,NA,NA,NA,NA,NA
130,NA,Neotoma_micropus,265,Souls,2.5,Souls,NA,3.333333333,34,29.83,11.7,2.5,2,,2,136.2666667,1080.4,0.168918919,MM; polygynous,NA,Souls; Sin20,,,,NA,NA,NA,NA,NA,NA,NA,NA,NA,Long,66.7,NA,NA,SPO,"[7, 106. 174, 175]"
131,Rodentia,Niviventer_cremoriventer,75,BT,1.222,BT,NA,NA,NA,NA,NA,3.7,NA,,NA,NA,NA,NA,NA,NA,,,,,NA,NA,NA,NA,NA,NA,NA,NA,NA,NA,NA,NA,NA,NA,NA
132,Rodentia,Niviventer_culturatus,103,BT,1.876,BT,NA,NA,NA,NA,NA,NA,NA,,NA,NA,NA,NA,NA,NA,,,,,NA,NA,NA,NA,NA,NA,NA,NA,NA,NA,NA,NA,NA,NA,NA
133,Rodentia,Notomys_alexis,30,BT,0.041,BT,NA,6.4,32.67,30,2.29,4.01,NA,,NA,76.04166667,2259.958333,NA,monogamous,NA,Sin20,yes,Held19; Sin20,bi,NA,1,1,1,0,0,0,"Kleiman & Malcolm 1981, Dewsbury 1985",Held19,NA,NA,NA,NA,NA,NA
134,Rodentia,Notomys_alexis,34,GF03,0.05,GF03,NA,6.4,32.67,30,2.29,4.01,NA,,NA,76.04166667,2259.958333,NA,monogamous,NA,Sin20,yes,Held19; Sin20,bi,NA,1,1,1,0,0,0,"Kleiman & Malcolm 1981, Dewsbury 1985",Held19,NA,NA,NA,NA,NA,NA
135,NA,Notomys_cervinus,37,BT,0.224,BT,NA,NA,41.54,32.62,NA,2.95,NA,,NA,161.2083333,NA,NA,promiscuous,NA,Sin20,,,,NA,NA,NA,NA,NA,NA,NA,NA,NA,NA,NA,NA,NA,NA,NA
136,NA,Notomys_cervinus,33,GF03,0.198,GF03,NA,NA,41.54,32.62,NA,2.95,NA,,NA,161.2083333,NA,NA,promiscuous,NA,Sin20,,,,NA,NA,NA,NA,NA,NA,NA,NA,NA,NA,NA,NA,NA,NA,NA
137,NA,Notomys_fuscus,45,BT; GF03,0.068,BT; GF03,NA,NA,34.99,30,NA,3.07,NA,,NA,82.125,NA,NA,monogamous,NA,Sin20,,,,NA,NA,NA,NA,NA,NA,NA,NA,NA,NA,NA,NA,NA,NA,NA
138,NA,Notomys_fuscus,39.28,Cap15,0.068,BT; GF03,NA,NA,34.99,30,NA,3.07,NA,,NA,82.125,NA,NA,monogamous,NA,Sin20,,,,NA,NA,NA,NA,NA,NA,NA,NA,NA,NA,NA,NA,NA,NA,NA
139,NA,Notomys_mitchellii,45,BT,0.075,BT,NA,5.3,35.97,30.2,NA,3.28,NA,,NA,73,1861.5,NA,promiscuous,NA,Sin20,,,,NA,NA,NA,NA,NA,NA,NA,NA,NA,NA,NA,NA,NA,NA,NA
140,NA,Notomys_mitchellii,39,GF03,0.062,GF03,NA,5.3,35.97,30.2,NA,3.28,NA,,NA,73,1861.5,NA,promiscuous,NA,Sin20,,,,NA,NA,NA,NA,NA,NA,NA,NA,NA,NA,NA,NA,NA,NA,NA
141,NA,Nyctophilus_timoriensis,13.5,GF03,0.03,GF03,NA,NA,NA,NA,NA,2,NA,,NA,NA,NA,NA,NA,NA,,,,,NA,NA,NA,NA,NA,NA,NA,NA,NA,NA,NA,NA,NA,NA,NA
142,NA,Ochotona_curzoniae,147.5,Souls,1.62,Souls,NA,NA,22.5,NA,11.2,4.39,6,,3.5,NA,NA,NA,SP,NA,Souls,no,LH19,,No,NA,NA,NA,NA,NA,NA,NA,NA,Short,NA,1.7,69.4,IND,"[165, 166, 171]"
143,Artiodactyla,Odocoileus_virginianus,71000,GF03,76,GF03,NA,23,201.39,79.92,2949.99,1.57,NA,,1,463,7932,0.046016137,NA,NA,,no,LH19; Held19,,No,0,0,0,0,0,0,"Nowak 1999, West & Capellini 2016",Held19,NA,NA,NA,NA,NA,NA
144,Rodentia,Ondatra_zibethicus,1295,GF03,5.06,GF03,NA,10,27.86,27.84,21.99,6.55,NA,,2.43,365,3285,0.045724737,polygynous,NA,Sin20,yes,Held19; Sin20,bi,NA,1,2,1,2,0,0,"Errington 1963, Marinelli et al 1997, West & Capellini 2016",Held19,NA,NA,NA,NA,NA,NA
145,Lagomorpha,Oryctolagus_cuniculus,2880,GF03,6.06,GF03,NA,18,30.45,26.3,39.11,5.24,NA,,4.5,121.66,6448.34,0.012578603,MM,NA,Souls,no,LH19; Held19,,No,0,0,0,0,0,0,"Kleiman & Malcolm 1981, Macdonald 1984, Nowak, 1999, West & Capellini 2016",Held19,Short,NA,NA,90,IND,"[10, 167, 168]"
146,Lagomorpha,Oryctolagus_cuniculus,2888,Souls,6.06,Souls,NA,18,30.45,26.3,39.11,5.24,NA,,4.5,121.66,6448.34,0.012578603,MM,NA,Souls,no,LH19; Held19,,No,0,0,0,0,0,0,"Kleiman & Malcolm 1981, Macdonald 1984, Nowak, 1999, West & Capellini 2016",Held19,Short,NA,NA,90,IND,"[10, 167, 168]"
147,Rodentia,Oryzomys_palustris,56,GF03,0.4,GF03,NA,2.375,24.74,11.44,3.49,4.08,NA,,5.5,54.14166667,812.7333333,0.081654872,NA,NA,,no,Held19,,NA,0,0,0,0,0,0,Nowak 1999,Held19,NA,NA,NA,NA,NA,NA
148,NA,Ovis_aries,35000,GF03; Souls,318.8,GF03; Souls,NA,22.8,152.54,182.5,2376.24,1.19,21,,1,730,7592,0.048076923,MM,NA,Souls,no,LH19,,No,NA,NA,NA,NA,NA,NA,NA,NA,Short,73.8,NA,NA,SPO,"[10, 111]"
149,Primates,Pan_paniscus,45000,Souls,250,Souls,NA,55,235.24,1081.31,1399.53,1.01,1,,0.22,3285,16790,0.098814229,MM,NA,Souls,yes,LH19; Held19,,No,1,0.55,1,0.55,0,0,"West & Capellini 2016, Animal Diversity Web",Held19,Long,NA,9.1,19,SPO,"[6, 71, 112]"
150,Primates,Pan_troglodytes,44340,GF03; Cap15; Souls,118.8,GF03; Souls,NA,60.5,231.49,1260.81,1745.02,1.05,1,,0.2,5073.5,17009,0.107296137,MM,NA,Souls,yes,LH19; Held19,,No,1,0.55,0,0,1,1.138,"Goodall 1969, West & Capellini 2016",Held19,Long,NA,7.1,38,SPO,"[6 , 71, 113] "
151,Carnivora,Panthera_leo,188000,Souls,55,Souls,NA,30,108.74,197.86,1291.71,2.75,2.75,,0.66,1047.55,9902.45,0.055847826,SP,NA,Souls,no,LH19; Held19,,No,0,0,0,0,0,0,"Estes, 1993, Pusey & Packer 1994, Packer & Pusey, 2001, Dalerum 2007, West & Capellini 2016",Held19,Long,14.2,0,100,IND,"[2,7, 114] "
152,Primates,Papio_anubis,26400,GF03,93.5,GF03,NA,25.2,178.96,596.6,947.31,1.01,NA,,NA,1642.5,7555.5,NA,multiple males,,Lupold2014,yes,LH19; Held19,,No,1,0.6,0,0,1,1.35,"Ransom 1981, Stein 1984, Smuts 1985, West & Capellini 2016, Animal Diversity Web",Held19,NA,NA,NA,NA,NA,NA
153,Primates,Papio_cynocephalus,28610,GF03,76.6,GF03,NA,45,172.99,450.42,709.88,1.01,1,,NA,2007.5,14417.5,NA,MM,NA,Souls,yes,LH19; Held19,,No,1,0.6,0,0,1,1.113,"Altmann 1980, Melnick & Pearl 1987, Bentley-Condit et al 2001, West & Capellini 2016, Animal Diversity Web",Held19,Long,NA,0,81,SPO,"[6, 61, 115]"
154,Primates,Papio_cynocephalus,243200,Souls,52,Souls,NA,45,172.99,450.42,709.88,1.01,1,,NA,2007.5,14417.5,NA,MM,NA,Souls,yes,LH19; Held19,,No,1,0.6,0,0,1,1.113,"Altmann 1980, Melnick & Pearl 1987, Bentley-Condit et al 2001, West & Capellini 2016, Animal Diversity Web",Held19,Long,NA,0,81,SPO,"[6, 61, 115]"
155,Rodentia,Paruromys_dominator,342,BT,1.601,BT,NA,NA,NA,NA,NA,NA,NA,,NA,NA,NA,NA,NA,NA,,,,,NA,NA,NA,NA,NA,NA,NA,NA,NA,NA,NA,NA,NA,NA,NA
156,Artiodactyla,Pecari_tajacu,12300,GF03,11,GF03,NA,31.5,144.88,47.25,618.53,1.56,NA,,2,350,11147.5,0.016371384,promiscuous,,Lewis2022,no,LH19; Held19,,NA,0,0.5,0,0,0,0,Clayton & Macdonald 1999,Held19,NA,NA,NA,NA,NA,NA
157,Rodentia,Peromyscus_californicus,52.3,Souls,9.6,Souls,NA,5.5,32.95,29.83,4.31,1.94,2.03,,4.37,45.625,1961.875,0.042573572,SM; monogamous,NA,Souls; Sin20,yes,LH19; Held19; Sin20,bi,Yes,1,1,1,0,0,0,"Dudley 1973, 1974a), 1974b), Kleiman & Malcolm 1981, Dewsbury 1985, Komers & Brotherton 1997, West & Capellini 2016",Held19,Long,0,0,100,SPO,"[7, 116-118]"
158,Rodentia,Peromyscus_leucopus,22.2,Souls,0.46,Souls,NA,7.9,23.17,21.49,1.8,4.27,3.741,,4.5,106.45,2777.05,0.029207652,MM; promiscuous,NA,Souls; Sin20,no,LH19; Held19; Sin20,bi,No,0,1,0,0,0,0,"Lackey et al. 1985, West & Capellini 2016",Held19,Long,11.5,NA,NA,SPO,"[7, 121-123] "
159,Rodentia,Peromyscus_maniculatus,19.5,GF03; Souls; Cap15,0.393,GF03; Souls,NA,8.333,26.68,22.49,1.73,4.76,4.781,,2.6,86.72,2954.825,0.047510298,MM; promiscuous,NA,Souls; Sin20,no,LH19; Held19; Sin20,bi,No,0,0.5,0,0,0,0,Solomon & Getz 1997,Held19,Long,10.3,NA,NA,SPO,"[7, 10, 23, 124, 125]  "
160,NA,Petaurista_petaurista,1260,squirrel,7,squirrel,NA,16,45,68.43,56.29,1.04,NA,,NA,NA,NA,NA,NA,polgyny or promiscuity,,,,,NA,NA,NA,NA,NA,NA,NA,NA,NA,NA,NA,NA,NA,NA,NA
161,NA,Phodopus_sungorus,42.4,GF03,0.93,GF03,NA,3.9,21,20,2.04,5.48,NA,,3,139,1284.5,0.094719087,promiscuous,NA,Sin20,no,LH19; Sin20,uni,No,NA,NA,NA,NA,NA,NA,NA,NA,NA,NA,NA,NA,NA,NA
162,NA,Pipistrellus_subflavus,5,GF03; Cap15,0.0286,GF03,NA,15,45.71,31.21,1.26,1.96,NA,,1,NA,NA,NA,NA,NA,,,,,NA,NA,NA,NA,NA,NA,NA,NA,NA,NA,NA,NA,NA,NA,NA
163,NA,Pogonomys_loriae,105,BT,3.474,BT,NA,NA,NA,NA,NA,2.68,NA,,NA,NA,NA,NA,NA,NA,,,,,NA,NA,NA,NA,NA,NA,NA,NA,NA,NA,NA,NA,NA,NA,NA
164,NA,Pogonomys_macrourus,49,BT,2.462,BT,NA,3.1,NA,NA,NA,2.81,NA,,NA,NA,NA,NA,NA,NA,,,,,NA,NA,NA,NA,NA,NA,NA,NA,NA,NA,NA,NA,NA,NA,NA
165,Primates,Pongo_pygmaeus,74640,GF03,35.3,GF03,NA,60,259.42,1088.8,1644.2,1.07,NA,,0.22,3591.6,18308.4,0.09061911,single male,,"Delgado Jr, R. A., & Van Schaik 2000",no,LH19; Held19,,No,0,0,0,0,0,0,"van Schaik 2004, Muller & Thompson 2012, West & Capellini 2016",Held19,NA,NA,NA,NA,NA,NA
166,NA,Praomys_jacksoni,40,BT; Cap15,0.888,BT,NA,NA,35.49,30,NA,3.67,NA,,NA,72.0875,NA,NA,NA,NA,,,,,NA,NA,NA,NA,NA,NA,NA,NA,NA,NA,NA,NA,NA,NA,NA
167,Carnivora,Procyon_lotor,5130,Souls,13.72,Souls,NA,21,65,104.16,82.46,3.06,3.21,,1,345.153312,7319.846688,0.049864432,MM,NA,Souls,no,Held19,,NA,0,0,0,0,0,0,"Kleiman & Malcolm 1981, Nowak 1991, Komers and Brotherton 1997, Wilson & Ruff 1999, West & Capellini 2016",Held19,Long,87.5,NA,NA,IND,"[2, 128]"
168,NA,Pseudomys_apodemoides,25,BT,0.141,BT; GF03,NA,NA,44.49,34.99,NA,4.9,NA,,3,NA,NA,NA,promiscuous,NA,Sin20,,,,NA,NA,NA,NA,NA,NA,NA,NA,NA,NA,NA,NA,NA,NA,NA
169,NA,Pseudomys_apodemoides,31,GF03,0.141,BT; GF03,NA,NA,44.49,34.99,NA,4.9,NA,,3,NA,NA,NA,promiscuous,NA,Sin20,,,,NA,NA,NA,NA,NA,NA,NA,NA,NA,NA,NA,NA,NA,NA,NA
170,Rodentia,Pseudomys_australis,59,BT,2,BT,NA,7.9,31.35,25.9,4.47,3,NA,,NA,109.1958333,2774.304167,NA,promiscuous,NA,Sin20,no,Held19,,NA,0,1,0,0,0,0,Nowak 1999,Held19,NA,NA,NA,NA,NA,NA
171,Rodentia,Pseudomys_australis,59,GF03,2.242,GF03,NA,7.9,31.35,25.9,4.47,3,NA,,NA,109.1958333,2774.304167,NA,promiscuous,NA,Sin20,no,Held19,,NA,0,1,0,0,0,0,Nowak 1999,Held19,NA,NA,NA,NA,NA,NA
172,NA,Pseudomys_delicatulus,8,BT,0.043,BT,NA,NA,29.89,27,NA,3.19,NA,,NA,NA,NA,NA,NA,NA,,,,,NA,NA,NA,NA,NA,NA,NA,NA,NA,NA,NA,NA,NA,NA,NA
173,NA,Pseudomys_delicatulus,9,GF03,0.043,GF03,NA,NA,29.89,27,NA,3.19,NA,,NA,NA,NA,NA,NA,NA,,,,,NA,NA,NA,NA,NA,NA,NA,NA,NA,NA,NA,NA,NA,NA,NA
174,NA,Pseudomys_desertor,39,BT; Cap15,0.558,BT,NA,NA,28.96,24.49,NA,3,NA,,NA,76.04166667,NA,NA,promiscuous,NA,Sin20,no,Sin20,uni,NA,NA,NA,NA,NA,NA,NA,NA,NA,NA,NA,NA,NA,NA,NA
175,NA,Pseudomys_fumeus,71,BT; Cap15,2.426,BT,NA,6.5,NA,NA,NA,3.5,NA,,1.5,NA,NA,NA,NA,NA,,,,,NA,NA,NA,NA,NA,NA,NA,NA,NA,NA,NA,NA,NA,NA,NA
176,NA,Pseudomys_gracilicaudatus,105,BT; GF03,1.084,BT; GF03,NA,NA,27,25.66,4.26,2.91,NA,,NA,NA,NA,NA,NA,NA,,,,,NA,NA,NA,NA,NA,NA,NA,NA,NA,NA,NA,NA,NA,NA,NA
177,NA,Pseudomys_hermannsburgensis,15,BT,0.14,BT,NA,NA,31.5,30,NA,2,NA,,NA,76.34583333,NA,NA,promiscuous,NA,Sin20,,,,NA,NA,NA,NA,NA,NA,NA,NA,NA,NA,NA,NA,NA,NA,NA
178,NA,Pseudomys_hermannsburgensis,18,GF03,0.163,GF03,NA,NA,31.5,30,NA,2,NA,,NA,76.34583333,NA,NA,promiscuous,NA,Sin20,,,,NA,NA,NA,NA,NA,NA,NA,NA,NA,NA,NA,NA,NA,NA,NA
179,NA,Pseudomys_nanus,74,BT,1.9,BT,NA,NA,23.99,25,NA,3,NA,,NA,101.2875,NA,NA,NA,NA,,,,,NA,NA,NA,NA,NA,NA,NA,NA,NA,NA,NA,NA,NA,NA,NA
180,NA,Pseudomys_nanus,78,GF03,1.874,GF03,NA,NA,23.99,25,NA,3,NA,,NA,101.2875,NA,NA,NA,NA,,,,,NA,NA,NA,NA,NA,NA,NA,NA,NA,NA,NA,NA,NA,NA,NA
181,NA,Pseudomys_novaehollandiae,19,BT; GF03,0.071,BT; GF03,NA,NA,31.48,25.2,1.84,4.43,NA,,4,91.55416667,NA,NA,promiscuous,NA,Sin20,,,,NA,NA,NA,NA,NA,NA,NA,NA,NA,NA,NA,NA,NA,NA,NA
182,NA,Pseudomys_pilligaensis,11,BT; Cap15,0.052,BT,NA,NA,28.2875,NA,NA,3,NA,,NA,NA,NA,NA,NA,NA,,,,,NA,NA,NA,NA,NA,NA,NA,NA,NA,NA,NA,NA,NA,NA,NA
183,NA,Pseudomys_shortridgei,78,BT; GF03,0.345,BT; GF03,NA,6,NA,NA,NA,3,NA,,1,334.5833333,1855.416667,0.196721311,promiscuous,NA,Sin20,no,Sin20,uni,NA,NA,NA,NA,NA,NA,NA,NA,NA,NA,NA,NA,NA,NA,NA
184,NA,Pteropus_alecto,800,GF03,5.1,GF03,NA,19.7,NA,89.17,NA,1,NA,,1,NA,NA,NA,NA,NA,,,,,NA,NA,NA,NA,NA,NA,NA,NA,NA,NA,NA,NA,NA,NA,NA
185,Chiroptera,Pteropus_poliocephalus,677,GF03,6.75,GF03,NA,23.6,187.72,120,70,1,NA,,1,760.41,7853.59,0.046475561,multimale,,McCracken2000,,,,NA,NA,NA,NA,NA,NA,NA,NA,NA,NA,NA,NA,NA,NA,NA
186,Chiroptera,Pteropus_scapulatus,400,GF03,5.3,GF03,NA,15.8,NA,133.76,NA,1,NA,,NA,NA,NA,NA,NA,NA,,,,,NA,NA,NA,NA,NA,NA,NA,NA,NA,NA,NA,NA,NA,NA,NA
187,Artiodactyla,Rangifer_tarandus,145000,GF03,132,GF03,NA,21.8,222.5,136.87,5490.62,2,NA,,0.91,728.352624,7228.647376,0.055487407,MM,NA,Souls,no,LH19; Held19,,No,0,0,0,0,0,0,"Nowak 1999, West & Capellini 2016",Held19,Short,NA,NA,50.7,SPO,"[63, 178, 179] "
188,Artiodactyla,Rangifer_tarandus,110500,Souls,47.6,Souls,NA,21.8,222.5,136.87,5490.62,2,NA,,0.91,728.352624,7228.647376,0.055487407,MM,NA,Souls,no,LH19; Held19,,No,0,0,0,0,0,0,"Nowak 1999, West & Capellini 2016",Held19,Short,NA,NA,50.7,SPO,"[63, 178, 179] "
189,Rodentia,Rattus_argentiventer,217,BT,3.051,BT,NA,4.2,21.4,26.1,4.55,9.85,6.94,Myhrvold et al 2015,4.29,48.66666667,NA,NA,promiscuous,NA,Sin20,,,,NA,NA,NA,NA,NA,NA,NA,NA,NA,NA,NA,NA,NA,NA,NA
190,Rodentia,Rattus_colletti,154,BT,1.938,BT,NA,1.5,21.9,NA,3,5.995,NA,Myhrvold et al 2015,4,60.83333333,NA,NA,NA,NA,,,,,NA,NA,NA,NA,NA,NA,NA,NA,NA,NA,NA,NA,NA,NA,NA
191,Rodentia,Rattus_exulans,49,BT,1.249,BT,NA,1.125,21.34,28,2.43,3.7,NA,,3.9,173.55,237.075,0.394768506,promiscuous,NA,Sin20,,,,NA,NA,NA,NA,NA,NA,NA,NA,NA,NA,NA,NA,NA,NA,NA
192,Rodentia,Rattus_exulans,60,GF03,2.6,GF03,NA,1.125,21.34,28,2.43,3.7,NA,,3.9,173.55,237.075,0.394768506,promiscuous,NA,Sin20,,,,NA,NA,NA,NA,NA,NA,NA,NA,NA,NA,NA,NA,NA,NA,NA
193,Rodentia,Rattus_fuscipes,110,BT,4.262,BT,NA,5.3,22.95,25.38,4.24,4.58,NA,,3.3,136.87,1797.63,0.061528824,promiscuous,NA,Sin20,no,Held19,,NA,0,0,0,0,0,0,"Kleiman & Malcolm 1981, Taylor & Calaby 1988",Held19,NA,NA,NA,NA,NA,NA
194,Rodentia,Rattus_leucopus,170,BT,4.149,BT,NA,NA,22.8125,25.24583333,NA,3.45,NA,,NA,141.33,NA,NA,NA,NA,,,,,NA,NA,NA,NA,NA,NA,NA,NA,NA,NA,NA,NA,NA,NA,NA
195,Rodentia,Rattus_losea,110,BT,2.175,BT,NA,NA,NA,NA,NA,NA,NA,,NA,NA,NA,NA,NA,NA,,,,,NA,NA,NA,NA,NA,NA,NA,NA,NA,NA,NA,NA,NA,NA,NA
196,Rodentia,Rattus_lutreolus,163,BT,4.434,BT,NA,4.4,24.81,25,4.94,4.45,NA,,2.4,112,1494,0.101796073,promiscuous,NA,Sin20,no,Held19,uni,NA,0,0,0,0,0,0,Isler and van Schaik 2012,Held19,NA,NA,NA,NA,NA,NA
197,Rodentia,Rattus_niobe,49,BT,1.893,BT,NA,NA,NA,NA,NA,2.15,NA,,NA,NA,NA,NA,NA,NA,,,,,NA,NA,NA,NA,NA,NA,NA,NA,NA,NA,NA,NA,NA,NA,NA
198,Rodentia,Rattus_norvegicus,500,GF03,4,GF03,NA,3.8,21.74,25.37,5.8,8.99,NA,,3.5,91.25,1295.75,0.080482897,promiscuous,NA,Sin20,no,LH19; Held19,,No,0,0,0,0,0,0,"Parker 1990, Lonstein & De Vries 2000, West & Capellini 2016, Animal Diversity Web",Held19,NA,NA,NA,NA,NA,NA
199,Rodentia,Rattus_rattus,134,BT,3.467,BT,NA,4.2,23.45,28,4.53,5.88,NA,,3.75,143.14,1389.86,0.070031034,NA,NA,,no,Held19,,NA,0,0,0,0,0,0,"Nowak 1999, West & Capellini 2016, Animal Diversity Web",Held19,NA,NA,NA,NA,NA,NA
200,Rodentia,Rattus_rattus,169,GF03,7.2,GF03,NA,4.2,23.45,28,4.53,5.88,NA,,3.75,143.14,1389.86,0.070031034,NA,NA,,no,Held19,,NA,0,0,0,0,0,0,"Nowak 1999, West & Capellini 2016, Animal Diversity Web",Held19,NA,NA,NA,NA,NA,NA
201,Rodentia,Rattus_sordidus,158,BT; Cap15,3.522,BT,NA,NA,21.89,NA,3,5.99,NA,Myrhvold et al 2015,4,77,NA,NA,NA,NA,,,,,NA,NA,NA,NA,NA,NA,NA,NA,NA,NA,NA,NA,NA,NA,NA
202,Rodentia,Rattus_steini,93,BT,1.109,BT,NA,NA,22.827,25.26,NA,3.65,NA,Myrhvold et al 2015,NA,NA,NA,NA,NA,NA,,,,,NA,NA,NA,NA,NA,NA,NA,NA,NA,NA,NA,NA,NA,NA,NA
203,Rodentia,Rattus_tiomanicus,89,BT,3.473,BT,NA,4.2,21.99,26.08,4.1,3.87,NA,Myrhvold et al 2015,4.28,NA,NA,NA,NA,NA,,,,,NA,NA,NA,NA,NA,NA,NA,NA,NA,NA,NA,NA,NA,NA,NA
204,Rodentia,Rattus_tunneyi,243,BT,4.865,BT,NA,1,22.29,22.8125,NA,5.34,NA,Myrhvold et al 2015,NA,56,NA,NA,NA,NA,,,,,NA,NA,NA,NA,NA,NA,NA,NA,NA,NA,NA,NA,NA,NA,NA
205,Rodentia,Rattus_villosissimus,207,BT,2.15,BT,NA,NA,21.90,NA,3,5.995,NA,Myrhvold et al 2015,4,70.87083333,NA,NA,NA,NA,,,,,NA,NA,NA,NA,NA,NA,NA,NA,NA,NA,NA,NA,NA,NA,NA
206,Rodentia,Rhabdomys_pumilio,55,BT,0.909,BT,NA,4.5,25.44,14,2.5,5.28,NA,,7,90.62,1551.88,0.0335998,monogamous; polygynous,NA,Sin20,no,LH19; Held19; Sin20,bi,No,0,0,0,0,0,0,"Nowak 1999, West & Capellini 2016",Held19,NA,NA,NA,NA,NA,NA
207,Primates,Saimiri_sciureus,780,GF03,3.2,GF03,NA,30.2,164.09,177.41,107.5,1,NA,,1.33,1073.25,9949.75,0.02758221,multiple males,,Lupold2018,yes,LH19; Held19,,No,1,1.2,0,0,1,2.1,"Baldwin 1969 & Kohda 1985, Boinski et al. 2002, West & Capellini 2016, Animal Diversity Web",Held19,NA,NA,NA,NA,NA,NA
208,Rodentia,Sciurus_anomalus,240,squirrel,1.38,squirrel,NA,5.7,NA,NA,NA,4,NA,Myrhvold et al 2015,NA,NA,NA,NA,NA,NA,,,,,NA,NA,NA,NA,NA,NA,NA,NA,NA,NA,NA,NA,NA,NA,NA
209,Rodentia,Sciurus_carolinensis,536,squirrel,5.18,squirrel,1.63,24,44.79,69.47,15.17,2.98,NA,,2,365,8395,0.02173913,promiscuous,dom polygyny,Sin20,no,LH19; Held19,,No,0,0,0,0,0,0,Koprowski 1994,Held19,NA,NA,NA,NA,NA,NA
210,Rodentia,Sciurus_niger,836,squirrel,6.9,squirrel,1.29,16,45.350832,76.092,15,2.71,NA,,1.64,359.458608,5480.541392,0.040609305,promiscuous,dom polygyny,Sin20,no,Held19,,NA,0,0,0,0,0,0,Koprowski 1994,Held19,NA,NA,NA,NA,NA,NA
211,Rodentia,Sciurus_vulgaris,333,Cap15,2.81,squirrel,1.18,14.8,38,64.51,8.83,4.5,NA,,2,273.75,5128.25,0.035587189,promiscuous,dom polygyny,Sin20,no,Held19,,NA,0,0,0,0,0,0,"Lurz et al. 2005, Animal Diversity Web",Held19,NA,NA,NA,NA,NA,NA
212,NA,Semnopithecus_entellus,19200,Souls,11.5,Souls,NA,29,197.7,402.1,499.83,1.02,1,,0.67,1335.9,9249.1,0.058900446,MM,NA,Souls,no,LH19,,No,NA,NA,NA,NA,NA,NA,NA,NA,Short,NA,14.3,72.2,SPO,"[71, 133, 134]"
213,Rodentia,Sigmodon_hispidus,223,GF03,1.73,GF03,NA,5.2,27,15.29,6.6,5.44,NA,,2,65,1833,0.099563557,promiscuous,NA,Sin20,no,Held19,,NA,0,0,0,0,0,0,"Liu 1971, Nowak 1999, West and Capellini 2016",Held19,NA,NA,NA,NA,NA,NA
214,Eulipotyphla,Sorex_araneus,11.9,Souls,0.17,Souls,NA,3.2,21.5,21.43,0.42,6.56,6.5,,2,325.7625,842.2375,0.216684724,MM,NA,Souls,no,Held19,,NA,0,0,0,0,0,0,Komers & Brotherton 1997,Held19,Long,88.9,NA,NA,IND,"[34, 135, 136] "
215,Rodentia,Spermophilus_beecheyi,840,Souls,9.05,Souls,NA,5,28.37,52.6,9.29,6.71,7.11,,1,352.8333333,1472.166667,0.247933884,SP,NA,Souls,no,LH19; Held19,,No,0,0,0,0,0,0,"Waser & Jones 1983, West & Capellini 2016, Animal Diversity Web",Held19,Short,88.9,NA,NA,IND,"[7, 10, 23, 137]"
216,Rodentia,Spermophilus_beldingi,370,Souls,3.5,Souls,NA,11,26.19,24.5,6.86,5.71,4.6,,1,354.05,3660.95,0.099700897,SP; promiscuous,NA,Souls; Sin20,no,LH19; Held19,,No,0,0,0,0,0,0,"Sherman 1981, MacDonalds 1985, Blumstein & Armitage 1999, West & Capellini 2016",Held19,Short,77.8,NA,NA,IND,"[7, 10, 23, 138]"
217,Rodentia,Sundamys_muelleri,400,BT,7.44,BT,NA,2,NA,NA,NA,3.8,NA,,NA,NA,NA,NA,NA,NA,NA,,,,NA,NA,NA,NA,NA,NA,NA,NA,NA,NA,NA,NA,NA,NA,NA
218,Carnivora,Suricata_suricatta,731,Souls; Cap15,1.3,Souls,NA,20.6,77,55.68,30.5,3.86,31,,1,365,7154,0.051020408,SM,NA,Souls,yes,LH19; Held19,,Yes,1,1.8,0,0,1,3.6,"Kleiman & Malcolm 1981, van Staaden 1994, West & Capellini 2016",Held19,Long,31.3,9.3,77,IND,"[2, 140]"
219,Artiodactyla,Sus_scrofa,172000,GF03,36,GF03,NA,27,115.2,97.88,807.77,4.52,5.561,,1.5,312,9543,0.02549862,SP,NA,Souls,no,LH19; Held19,,No,0,0,0,0,0,0,"Kaminski et al. 2005, Drake et al. 2008, West & Capellini 2016",Held19,Short,11.1,NA,NA,SPO,"[141-143, 177]"
220,Rodentia,Tamias_amoenus,51,Souls; Cap15,1.22,Souls,NA,5.166666667,30.46,41.99,2.62,4.99,5.32,,1,365,1520.833333,0.24,MM,NA,Souls,no,Held19,,NA,0,0,0,0,0,0,"Sutton 1992, West & Capellini 2016, Animal Diversity Web",Held19,Short,91.7,NA,NA,SPO,"[7, 23, 146, 147] "
221,Rodentia,Tamiasciurus_hudsonicus,193.7,squirrel,2.92,squirrel,0.9,12,34.25,67.22,6.89,3.93,31,,1.75,342.109632,4037.890368,0.051653564,MM; promiscuous,dom polygyny,Souls; Sin20,no,Held19,,NA,0,0,0,0,0,0,"Steele 1998, West & Capellini 2016",Held19,Short,71,NA,NA,SPO,"[23, 148, 149] "
222,Rodentia,Tamiasciurus_hudsonicus,186,Souls,2.92,Souls,0.9,12,34.25,67.22,6.89,3.93,31,,1.75,342.109632,4037.890368,0.051653564,MM; promiscuous,dom polygyny,Souls; Sin20,no,Held19,,NA,0,0,0,0,0,0,"Steele 1998, West & Capellini 2016",Held19,Short,71,NA,NA,SPO,"[23, 148, 149] "
223,Primates,Theropithecus_gelada,20400,GF03,17.1,GF03,NA,36,178.64,494.95,464.92,1.01,NA,,0.5,1505.62,11634.38,0.062745071,NA,NA,,yes,LH19; Held19,,No,1,0.6,1,0.6,0,0,"Komers & Brotherton 1997, West & Capellini 2016",Held19,NA,NA,NA,NA,NA,NA
224,Rodentia,Tokudaia_osimensis,89,BT,0.213,BT,NA,NA,NA,NA,NA,NA,NA,,NA,NA,NA,NA,NA,NA,,,,,NA,NA,NA,NA,NA,NA,NA,NA,NA,NA,NA,NA,NA,NA,NA
225,Artiodactyla,Tragelaphus_strepsiceros,248000,GF03,92,GF03,NA,23.5,220.94,182.5,15366.57,1,NA,,1,912.5,7665,0.047619048,NA,NA,,no,Held19,,NA,0,0,0,0,0,0,"Nowak 1999, West & Capellini 2016",Held19,NA,NA,NA,NA,NA,NA
226,Rodentia,Uranomys_ruddi,40,BT,0.348,BT,NA,NA,NA,NA,NA,4.07,NA,,NA,NA,NA,NA,NA,NA,,,,,NA,NA,NA,NA,NA,NA,NA,NA,NA,NA,NA,NA,NA,NA,NA
227,Rodentia,Urocitellus_richardsonii,325.1,Cap15,,Anjos,0.61,6,22.8,29.33,6.24,7.59,,,1,365,1825,0.2,promiscuous,,Michener and Locklear 1990; Hare et al 2004,no,LH19; Held19; Waterman pers. comm.,,No,0,0.5,0,0,0,0,"Michener 1972, 1973, Davies 1984, Davis & Murie 1985, Michener & Koeppl 1985, Blumstein & Armitage 1999",Held19,,,,,,
228,Carnivora,Urocyon_cinereoargenteus,3700,Souls,5.17,Souls,NA,16.2,61.48,63.79,103.68,3.71,3.3,,0.98,319.375,5593.625,0.066584546,SM,NA,Souls,yes,Held19,,NA,1,1.5,1,1.5,0,0,"Fritzell & Haroldson 1982, Dalerum 2007, West & Capellini 2016",Held19,Short,14.3,NA,NA,SPO,"[2, 153]"
229,Rodentia,Uromys_anak,879,BT,11.592,BT,NA,NA,NA,NA,NA,4.3,NA,,NA,NA,NA,NA,NA,NA,,,,,NA,NA,NA,NA,NA,NA,NA,NA,NA,NA,NA,NA,NA,NA,NA
230,Rodentia,Uromys_caudimaculatus,820,BT,7.197,BT,NA,NA,38.85,40,20,1.46,NA,,NA,182.5,NA,NA,NA,NA,,,,,NA,NA,NA,NA,NA,NA,NA,NA,NA,NA,NA,NA,NA,NA,NA
231,Carnivora,Ursus_americanus,102287,Souls,38.9,Souls,NA,34,213.95,167.99,293.99,2.39,2.4,,0.38,1797.62,10612.38,0.090509981,MM,NA,Souls,no,LH19; Held19,,No,0,0.25,0,0,0,0,"Kleiman & Malcolm 1981, West & Capellini 2016, Animal Diversity Web",Held19,Short,50,NA,NA,IND,"[2, 7, 154] "
232,Carnivora,Ursus_arctos,312000,Souls,153.4,Souls,NA,50,227.56,182.5,499.99,2.24,2,,0.36,1460,16790,0.060386473,MM,NA,Souls,no,LH19; Held19,,No,0,0,0,0,0,0,"Kleiman & Malcolm 1981,  West & Capellini 2016Animal Diversity Web",Held19,Short,13.3,NA,NA,IND,"[2, 7, 156]"
233,Carnivora,Vulpes_lagopus,4800,Souls,4.06,Souls,NA,16.3,52.99,49.5,69.17,7.65,3.2,,1,365,5584.5,0.065359477,SM,NA,Souls,yes,LH19; Held19,,Yes,1,3,0,0,1,6,"Kleiman & Malcolm 1981, West & Capellini 2016, Animal Diversity Web",Held19,Short,12.5,NA,NA,SPO,[2-4]
234,Carnivora,Vulpes_vulpes,5069,GF03,9,GF03,NA,21.3,52.5,50.71,100.49,4.59,3.51,,0.91,297.063168,7477.436832,0.053641229,SP,NA,Souls,yes,LH19; Held19,,Yes,1,3,0,0,1,5.5,"MacDonald 1979, Kleiman & Malcolm 1981, Komers and Brotherton 1997, MacDonald & Reynolds 2005, West & Capellini 2016, Animal Diversity Web",Held19,Short,37.5,77,13.3,SPO,"[2, 159]"
235,Carnivora,Vulpes_vulpes,6260,Souls,12.36,Souls,NA,21.3,52.5,50.71,100.49,4.59,3.51,,0.91,297.063168,7477.436832,0.053641229,SP,NA,Souls,yes,LH19; Held19,,Yes,1,3,0,0,1,5.5,"MacDonald 1979, Kleiman & Malcolm 1981, Komers and Brotherton 1997, MacDonald & Reynolds 2005, West & Capellini 2016, Animal Diversity Web",Held19,Short,37.5,77,13.3,SPO,"[2, 159]"
236,Rodentia,Xenuromys_barbatus,950,BT,18.94,BT,NA,NA,39.06,40.24,20,1.76,NA,Myrhvold et al 2015,NA,NA,NA,NA,NA,NA,,,,,NA,NA,NA,NA,NA,NA,NA,NA,NA,NA,NA,NA,NA,NA,NA
237,Rodentia,Xerus_erythropus,637,squirrel,2.2,squirrel,0.999,10.3,71,50.21,NA,3.45,NA,Myrhvold et al 2015,NA,182.5,3577,NA,promiscuous,NA,Sin20,no,Held19,,NA,0,0,0,0,0,0,"Hanney 1975, Herron & Waterman 2004, Nowak 2004, Animal Diversity Web",Held19,NA,NA,NA,NA,NA,NA
238,Rodentia,Xerus_inauris,572.6,Cap15,10.3,squirrel,2.8,13,47.29,51.85,20,2.06,NA,,1,344.3166667,4400.683333,0.082941664,promiscuous,promiscuous,Sin20,no,LH19,,No,NA,NA,NA,NA,NA,NA,NA,NA,NA,NA,NA,NA,NA,NA
239,Rodentia,Zyzomys_argurus,45,BT,0.434,BT,NA,4.16,25,34.99,NA,2.76,NA,Myrhvold et al 2015,1.42,NA,NA,NA,NA,NA,,,,,NA,NA,NA,NA,NA,NA,NA,NA,NA,NA,NA,NA,NA,NA,NA